{
	"format_version": "1.8.0",
	"animations": {
		"idle": {
			"loop": true,
			"animation_length": 1.1667,
			"bones": {
				"body": {
					"rotation": [7.5, 0, 7.5]
				},
				"left_arm": {
					"position": [0, -1, 0]
				},
				"right_arm": {
					"rotation": [-10, 0, 7.5],
					"position": [0.5, 0, -0.5]
				},
				"right_leg": {
					"rotation": [-42.5, 0, 0]
				},
				"head2": {
					"rotation": [7.5, 0, 7.5],
					"position": [1, 0, 0]
				},
				"right_leg3": {
					"rotation": [40.18228, 0.08609, -1.90844]
				},
				"right_arm3": {
					"rotation": [-50, 0, 0]
				},
				"mega_group": {
					"position": [0, -2, 0]
				},
				"left_leg": {
					"rotation": [-2.5, 0, -7.5],
					"position": [0, 0, 0]
				},
				"left_leg3": {
					"rotation": [62.5, 0, 0]
				}
			}
		},
		"head_look": {
			"loop": true,
			"animation_length": 1.1667,
			"bones": {
				"head2": {
					"rotation": {
						"0.0": [7.5, 0, 7.5],
						"0.25": [8.26511, 24.77164, 10.98303],
						"0.2917": [7.85952, 17.34551, 9.85666],
						"0.3333": [8.26511, 24.77164, 10.98303],
						"0.5833": [8.26511, 24.77164, 10.98303],
						"0.9167": [7.5, 0, 7.5],
						"0.9583": [7.61435, -9.91358, 6.18155],
						"1.0": [7.5, 0, 7.5]
					}
				}
			}
		},
		"walk": {
			"loop": true,
			"animation_length": 0.9583,
			"bones": {
				"body": {
					"rotation": [7.5, 0, 7.5]
				},
				"left_arm": {
					"rotation": {
						"0.0": [0, 0, 0],
						"0.5": [-10, 0, 0],
						"0.625": [2.5, 0, 0],
						"0.9583": [0, 0, 0]
					},
					"position": [0, -1, 0]
				},
				"right_arm": {
					"rotation": {
						"0.0": [-10, 0, 7.5],
						"0.9583": [-10, 0, 7.5]
					},
					"position": [0.5, 0, -0.5]
				},
				"right_leg": {
					"rotation": {
						"0.0": [-42.5, 0, 0],
						"0.5": [-20, 0, 0],
						"0.625": [-65, 0, 0],
						"0.9583": [-42.5, 0, 0]
					}
				},
				"head2": {
					"rotation": {
						"0.0": [7.5, 0, 7.5],
						"0.9583": [7.5, 0, 7.5]
					},
					"position": [1, 0, 0]
				},
				"right_leg3": {
					"rotation": {
						"0.0": [40.18228, 0.08609, -1.90844],
						"0.5": [20.18228, 0.08609, -1.90844],
						"0.625": [60.40952, 0.08609, -1.90844],
						"0.9583": [40.18228, 0.08609, -1.90844]
					}
				},
				"right_arm3": {
					"rotation": [-50, 0, 0]
				},
				"mega_group": {
					"position": {
						"0.0": [0, -2, 0],
						"0.5": [0, -1, 0],
						"0.9583": [0, -2, 0]
					}
				},
				"upper body": {
					"rotation": {
						"0.0": [0, 0, 0],
						"0.5": [9.85108, 1.72794, -9.85108],
						"0.625": [-2.5, 0, 0],
						"0.9583": [0, 0, 0]
					},
					"position": [0, 0, 0]
				},
				"left_leg": {
					"rotation": {
						"0.0": [-2.5, 0, -7.5],
						"0.5": [-10, 0, -7.5],
						"0.9583": [-2.5, 0, -7.5]
					},
					"position": [0, 0, 0]
				},
				"left_leg3": {
					"rotation": {
						"0.0": [62.5, 0, 0],
						"0.5": [52.5, 0, 0],
						"0.9583": [62.5, 0, 0]
					}
				}
			}
		},
		"ready": {
			"loop": false,
			"animation_length": 0.375,
			"bones": {
				"body": {
					"rotation": [7.5, 0, 7.5]
				},
				"left_arm": {
					"position": [0, -1, 0]
				},
				"right_arm": {
					"rotation": {
						"0.0": [-10, 0, 7.5],
						"0.2917": [-25, 0, 7.5],
						"0.3333": [-27, 0, 7.5],
						"0.375": [-25, 0, 7.5]
					},
					"position": [0.5, 0, -0.5]
				},
				"right_leg": {
					"rotation": [-42.5, 0, 0]
				},
				"head2": {
					"rotation": {
						"0.0": [7.5, 0, 7.5],
						"0.2083": [0, 0, 2.5],
						"0.25": [-5, 0, -2.5],
						"0.2917": [0, 0, 2.5]
					},
					"position": [1, 0, 0]
				},
				"right_leg3": {
					"rotation": [40.18228, 0.08609, -1.90844]
				},
				"right_arm3": {
					"rotation": {
						"0.0": [-50, 0, 0],
						"0.2917": [-67.5, 0, 0],
						"0.3333": [-75.06, 0, 0],
						"0.375": [-67.5, 0, 0]
					}
				},
				"mega_group": {
					"position": [0, -2, 0]
				},
				"left_leg": {
					"rotation": [-2.5, 0, -7.5],
					"position": [0, 0, 0]
				},
				"left_leg3": {
					"rotation": [62.5, 0, 0]
				}
			}
		},
		"aim": {
			"loop": true,
			"animation_length": 0.0833,
			"bones": {
				"body": {
					"rotation": [7.5, 0, 7.5]
				},
				"left_arm": {
					"position": [0, -1, 0]
				},
				"right_arm": {
					"rotation": [-25, 0, 7.5],
					"position": {
						"0.0": [0.5, 0, -0.5],
						"0.0417": [0.75, 0, -0.5],
						"0.0833": [0.25, 0, -0.5]
					}
				},
				"right_leg": {
					"rotation": [-42.5, 0, 0]
				},
				"head2": {
					"rotation": {
						"0.0": [0, -3, 2.5],
						"0.0417": [0, 3, 2.5],
						"0.0833": [0, 0, 2.5]
					},
					"position": [1, 0, 0]
				},
				"right_leg3": {
					"rotation": [40.18228, 0.08609, -1.90844]
				},
				"right_arm3": {
					"rotation": [-67.5, 0, 0]
				},
				"mega_group": {
					"position": [0, -2, 0]
				},
				"left_leg": {
					"rotation": [-2.5, 0, -7.5],
					"position": [0, 0, 0]
				},
				"left_leg3": {
					"rotation": [62.5, 0, 0]
				}
			}
		},
		"fire": {
			"loop": "hold_on_last_frame",
			"animation_length": 0.375,
			"bones": {
				"body": {
					"rotation": [7.5, 0, 7.5]
				},
				"left_arm": {
					"position": [0, -1, 0]
				},
				"right_arm": {
					"rotation": {
						"0.0": [-25, 0, 7.5],
						"0.0417": [-26.03051, 0, 7.5],
						"0.0833": [-33.96949, 0, 7.5],
						"0.125": [-35, 0, 7.5],
						"0.1667": [-32.42373, 0, 7.5],
						"0.2083": [-12.57627, 0, 7.5],
						"0.25": [-10, 0, 7.5],
						"0.2917": [-7.5, 0, 7.5],
						"0.3333": [-10, 0, 7.5]
					},
					"position": [0.5, 0, -0.5]
				},
				"right_leg": {
					"rotation": [-42.5, 0, 0]
				},
				"head2": {
					"rotation": {
						"0.0": [0, 0, 2.5],
						"0.25": [7.5, 0, 7.5],
						"0.2917": [7.56925, -4.84311, 6.19972],
						"0.3333": [7.5, 0, 7.5]
					},
					"position": [1, 0, 0]
				},
				"right_leg3": {
					"rotation": [40.18228, 0.08609, -1.90844]
				},
				"right_arm3": {
					"rotation": {
						"0.0": [-67.5, 0, 0],
						"0.0417": [-70.3339, 0, 0],
						"0.0833": [-92.1661, 0, 0],
						"0.125": [-95, 0, 0],
						"0.1667": [-90.36271, 0, 0],
						"0.2083": [-54.63729, 0, 0],
						"0.25": [-50, 0, 0],
						"0.2917": [-45, 0, 0],
						"0.3333": [-50, 0, 0]
					}
				},
				"mega_group": {
					"position": [0, -2, 0]
				},
				"left_leg": {
					"rotation": [-2.5, 0, -7.5],
					"position": [0, 0, 0]
				},
				"left_leg3": {
					"rotation": [62.5, 0, 0]
				}
			}
		},
		"vibrations": {
			"loop": true,
			"animation_length": 0.2667,
			"bones": {
				"mega_group": {
					"scale": {
						"0.0": [1, 1, 1],
						"0.0833": [1.005, 1.005, 1.005],
						"0.1667": [1, 1, 1]
					}
				}
			}
		}
	}
}